"id","Тема","Lesson","Created","Date","Name"
"22d201b2-7582-47ea-ad80-f894d56151c8","[{'id': 'C}Wn', 'name': 'МЕХАНІЧНІ КОЛИВАННЯ', 'color': 'blue'}]",False,"2023-05-22T18:13:00.000Z","{'start': '2023-05-31', 'end': None, 'time_zone': None}","[{'type': 'text', 'text': {'content': 'Контрольна робота. Узагальнення і систематизація знань з теми.        31.05.2023', 'link': None}, 'annotations': {'bold': False, 'italic': False, 'strikethrough': False, 'underline': False, 'code': False, 'color': 'default'}, 'plain_text': 'Контрольна робота. Узагальнення і систематизація знань з теми.        31.05.2023', 'href': None}]"
"7baaacf3-db5f-4420-8cbf-200bad33e251","[{'id': 'C}Wn', 'name': 'МЕХАНІЧНІ КОЛИВАННЯ', 'color': 'blue'}]",False,"2023-05-22T18:13:00.000Z","{'start': '2023-05-26', 'end': None, 'time_zone': None}","[{'type': 'text', 'text': {'content': 'Розв’язування задач. Енергія коливального руху. Затухаючі коливання.        26.05.2023', 'link': None}, 'annotations': {'bold': False, 'italic': False, 'strikethrough': False, 'underline': False, 'code': False, 'color': 'default'}, 'plain_text': 'Розв’язування задач. Енергія коливального руху. Затухаючі коливання.        26.05.2023', 'href': None}]"
"61fd8802-578a-428d-8724-8d3280a50d0f","[{'id': 'C}Wn', 'name': 'МЕХАНІЧНІ КОЛИВАННЯ', 'color': 'blue'}]",False,"2023-05-22T18:12:00.000Z","{'start': '2023-05-24', 'end': None, 'time_zone': None}","[{'type': 'text', 'text': {'content': 'Розв’язування задач. Математичний і пружинний маятники.        24.05.2023', 'link': None}, 'annotations': {'bold': False, 'italic': False, 'strikethrough': False, 'underline': False, 'code': False, 'color': 'default'}, 'plain_text': 'Розв’язування задач. Математичний і пружинний маятники.        24.05.2023', 'href': None}]"
"e3c7f04e-a2ab-42aa-98f1-b5ea997be1b6","[{'id': 'TPvI', 'name': 'ТИСК. ЗАКОН АРХІМЕДА. ПЛАВАННЯ.', 'color': 'default'}]",False,"2023-05-22T18:03:00.000Z","{'start': '2021-03-26', 'end': None, 'time_zone': None}","[{'type': 'text', 'text': {'content': 'Рівномірний рух. Швидкість руху. Розв’язування задач. (1)', 'link': None}, 'annotations': {'bold': False, 'italic': False, 'strikethrough': False, 'underline': False, 'code': False, 'color': 'default'}, 'plain_text': 'Рівномірний рух. Швидкість руху. Розв’язування задач. (1)', 'href': None}]"
"365543d6-9c06-43e7-b508-d4899776d94e","[{'id': 'N|;N', 'name': 'СИЛА. ВИДИ СИЛ.', 'color': 'default'}]",True,"2023-05-22T18:03:00.000Z","{'start': '2021-02-12', 'end': None, 'time_zone': None}","[{'type': 'text', 'text': {'content': 'Розв’язування задач. Рівномірний рух матеріальної точки по колу. Період обертання. (1)', 'link': None}, 'annotations': {'bold': False, 'italic': False, 'strikethrough': False, 'underline': False, 'code': False, 'color': 'default'}, 'plain_text': 'Розв’язування задач. Рівномірний рух матеріальної точки по колу. Період обертання. (1)', 'href': None}]"
"078bf0f5-bc07-425c-b67d-761179a1e256","[{'id': 'N|;N', 'name': 'СИЛА. ВИДИ СИЛ.', 'color': 'default'}]",True,"2023-05-22T18:03:00.000Z","{'start': '2021-02-05', 'end': None, 'time_zone': None}","[{'type': 'text', 'text': {'content': 'Сила – міра взаємодії. Графічне зображення сил. Додавання сил. Деформація тіла. Сила пружності. Закон Гука. (1)', 'link': None}, 'annotations': {'bold': False, 'italic': False, 'strikethrough': False, 'underline': False, 'code': False, 'color': 'default'}, 'plain_text': 'Сила – міра взаємодії. Графічне зображення сил. Додавання сил. Деформація тіла. Сила пружності. Закон Гука. (1)', 'href': None}]"
"50f12cbe-5094-4b89-9bda-fa9f723c79d0","[{'id': 'N|;N', 'name': 'СИЛА. ВИДИ СИЛ.', 'color': 'default'}]",True,"2023-05-22T18:03:00.000Z","{'start': '2021-01-29', 'end': None, 'time_zone': None}","[{'type': 'text', 'text': {'content': 'Інструктаж з БЖ. Лабораторна робота № 7. «Визначення густин твердого тіла та рідини». Учимося розв’язувати задачі. (1)', 'link': None}, 'annotations': {'bold': False, 'italic': False, 'strikethrough': False, 'underline': False, 'code': False, 'color': 'default'}, 'plain_text': 'Інструктаж з БЖ. Лабораторна робота № 7. «Визначення густин твердого тіла та рідини». Учимося розв’язувати задачі. (1)', 'href': None}]"
"58b330a8-a0e3-4a9c-9217-246b68cd38f2","[{'id': 'N|;N', 'name': 'СИЛА. ВИДИ СИЛ.', 'color': 'default'}]",True,"2023-05-22T18:03:00.000Z","{'start': '2021-01-22', 'end': None, 'time_zone': None}","[{'type': 'text', 'text': {'content': 'Графіки рівномірного руху. Нерівномірний рух. Середня швидкість нерівномірного руху. (1)', 'link': None}, 'annotations': {'bold': False, 'italic': False, 'strikethrough': False, 'underline': False, 'code': False, 'color': 'default'}, 'plain_text': 'Графіки рівномірного руху. Нерівномірний рух. Середня швидкість нерівномірного руху. (1)', 'href': None}]"
"946f6ee8-030d-4839-b44e-a197126381cf","[{'id': 'xblE', 'name': 'МЕХАНІЧНИЙ РУХ', 'color': 'default'}]",True,"2023-05-22T18:03:00.000Z","{'start': '2020-12-04', 'end': None, 'time_zone': None}","[{'type': 'text', 'text': {'content': 'Інструктаж з БЖ. Лабораторна робота № 8. «Дослідження пружних властивостей тіл». Сила тяжіння. Вага тіла. Невагомість. (1)', 'link': None}, 'annotations': {'bold': False, 'italic': False, 'strikethrough': False, 'underline': False, 'code': False, 'color': 'default'}, 'plain_text': 'Інструктаж з БЖ. Лабораторна робота № 8. «Дослідження пружних властивостей тіл». Сила тяжіння. Вага тіла. Невагомість. (1)', 'href': None}]"
"5f4d6482-c2e5-4dfb-87a8-1394f06b819f","[{'id': 'xblE', 'name': 'МЕХАНІЧНИЙ РУХ', 'color': 'default'}]",True,"2023-05-22T18:03:00.000Z","{'start': '2020-11-13', 'end': None, 'time_zone': None}","[{'type': 'text', 'text': {'content': 'Механічний рух. Відносність руху. Система відліку. Матеріальна точка. Траєкторія руху. Шлях. Переміщення. (1)', 'link': None}, 'annotations': {'bold': False, 'italic': False, 'strikethrough': False, 'underline': False, 'code': False, 'color': 'default'}, 'plain_text': 'Механічний рух. Відносність руху. Система відліку. Матеріальна точка. Траєкторія руху. Шлях. Переміщення. (1)', 'href': None}]"
"769444e3-f171-4a00-b6d7-91cb5526f893","[{'id': 'xblE', 'name': 'МЕХАНІЧНИЙ РУХ', 'color': 'default'}]",True,"2023-05-22T18:03:00.000Z","{'start': '2020-11-06', 'end': None, 'time_zone': None}","[{'type': 'text', 'text': {'content': 'Інструктаж з БЖ. Лабораторна робота № 6. «Вимірювання мас тіл способом зважування». Густина. Одиниці густини. (1)', 'link': None}, 'annotations': {'bold': False, 'italic': False, 'strikethrough': False, 'underline': False, 'code': False, 'color': 'default'}, 'plain_text': 'Інструктаж з БЖ. Лабораторна робота № 6. «Вимірювання мас тіл способом зважування». Густина. Одиниці густини. (1)', 'href': None}]"
"2594e12d-b70c-4244-b496-fa6755c6ae2a","[{'id': 'xblE', 'name': 'МЕХАНІЧНИЙ РУХ', 'color': 'default'}]",True,"2023-05-22T18:03:00.000Z","{'start': '2020-10-30', 'end': None, 'time_zone': None}","[{'type': 'text', 'text': {'content': 'Розв’язування задач. Розв’язування задач. Підготовка до к.р. (1)', 'link': None}, 'annotations': {'bold': False, 'italic': False, 'strikethrough': False, 'underline': False, 'code': False, 'color': 'default'}, 'plain_text': 'Розв’язування задач. Розв’язування задач. Підготовка до к.р. (1)', 'href': None}]"
"1224d872-b7cc-489b-adf0-7e0525183ed3","[{'id': 'xblE', 'name': 'МЕХАНІЧНИЙ РУХ', 'color': 'default'}]",True,"2023-05-22T18:03:00.000Z","{'start': '2020-10-23', 'end': None, 'time_zone': None}","[{'type': 'text', 'text': {'content': 'Атмосферний тиск і його вимірювання. Барометри. Сполучені посудини. Манометри. (1)', 'link': None}, 'annotations': {'bold': False, 'italic': False, 'strikethrough': False, 'underline': False, 'code': False, 'color': 'default'}, 'plain_text': 'Атмосферний тиск і його вимірювання. Барометри. Сполучені посудини. Манометри. (1)', 'href': None}]"
"857c6573-4373-4f3a-9774-1a44e96e6a81","[{'id': 'xblE', 'name': 'МЕХАНІЧНИЙ РУХ', 'color': 'default'}]",True,"2023-05-22T18:03:00.000Z","{'start': '2020-10-16', 'end': None, 'time_zone': None}","[{'type': 'text', 'text': {'content': 'Інструктаж з БЖ. Лабораторна робота № 2. «Вимірювання об’ємів твердих тіл, рідин і сипких матеріалів». Наукові методи вивчення природи. Внесок українських вчених в розвиток фізики. (1)', 'link': None}, 'annotations': {'bold': False, 'italic': False, 'strikethrough': False, 'underline': False, 'code': False, 'color': 'default'}, 'plain_text': 'Інструктаж з БЖ. Лабораторна робота № 2. «Вимірювання об’ємів твердих тіл, рідин і сипких матеріалів». Наукові методи вивчення природи. Внесок українських вчених в розвиток фізики. (1)', 'href': None}]"
"314ad6ae-c98d-4a82-b82b-57d3f04cf6df","[{'id': 'xblE', 'name': 'МЕХАНІЧНИЙ РУХ', 'color': 'default'}]",True,"2023-05-22T18:03:00.000Z","{'start': '2020-10-09', 'end': None, 'time_zone': None}","[{'type': 'text', 'text': {'content': 'Інструктаж з БЖ. Лабораторна робота № 1. «Визначення ціни поділки шкали вимірювального приладу». Похибки. Оцінювання точності вимірювання. (1)', 'link': None}, 'annotations': {'bold': False, 'italic': False, 'strikethrough': False, 'underline': False, 'code': False, 'color': 'default'}, 'plain_text': 'Інструктаж з БЖ. Лабораторна робота № 1. «Визначення ціни поділки шкали вимірювального приладу». Похибки. Оцінювання точності вимірювання. (1)', 'href': None}]"
"af7a38b2-069f-4296-b57c-9e5d48906c7b","[{'id': 'JuFw', 'name': 'ФІЗИКА ЯК ПРИРОДНИЧА НАУКА', 'color': 'default'}]",True,"2023-05-22T18:03:00.000Z","{'start': '2020-09-25', 'end': None, 'time_zone': None}","[{'type': 'text', 'text': {'content': 'Рівномірний рух. Швидкість руху. Розв’язування задач. (1)', 'link': None}, 'annotations': {'bold': False, 'italic': False, 'strikethrough': False, 'underline': False, 'code': False, 'color': 'default'}, 'plain_text': 'Рівномірний рух. Швидкість руху. Розв’язування задач. (1)', 'href': None}]"
"39268fef-3bbf-4920-a313-5679e471be7e","[{'id': 'JuFw', 'name': 'ФІЗИКА ЯК ПРИРОДНИЧА НАУКА', 'color': 'default'}]",True,"2023-05-22T18:03:00.000Z","{'start': '2020-09-18', 'end': None, 'time_zone': None}","[{'type': 'text', 'text': {'content': 'Розв’язування задач. Інструктаж з БЖ. Лабораторна робота № 4. «Вимірювання періоду обертання та обертової частоти». (1)', 'link': None}, 'annotations': {'bold': False, 'italic': False, 'strikethrough': False, 'underline': False, 'code': False, 'color': 'default'}, 'plain_text': 'Розв’язування задач. Інструктаж з БЖ. Лабораторна робота № 4. «Вимірювання періоду обертання та обертової частоти». (1)', 'href': None}]"
"84f4d81f-7a7f-41ca-acb8-fc96f575f0f8","[{'id': 'JuFw', 'name': 'ФІЗИКА ЯК ПРИРОДНИЧА НАУКА', 'color': 'default'}]",True,"2023-05-22T18:03:00.000Z","{'start': '2020-09-11', 'end': None, 'time_zone': None}","[{'type': 'text', 'text': {'content': 'Будова речовини. Молекули. Атоми. Фізичні величини. Вимірювання фізичних величин. (1)', 'link': None}, 'annotations': {'bold': False, 'italic': False, 'strikethrough': False, 'underline': False, 'code': False, 'color': 'default'}, 'plain_text': 'Будова речовини. Молекули. Атоми. Фізичні величини. Вимірювання фізичних величин. (1)', 'href': None}]"
"6952cbe0-747f-49a4-a54d-72e4d66eb8d5","[{'id': 'kYds', 'name': 'МЕХАНІЧНА РОБОТА ТА ЕНЕРГІЯ', 'color': 'default'}]",True,"2023-05-22T16:51:00.000Z","{'start': '2021-05-21', 'end': None, 'time_zone': None}","[{'type': 'text', 'text': {'content': 'Інструктаж з БЖ. Лабораторна робота № 12. «Визначення ККД похилої площини». Розв’язування задач', 'link': None}, 'annotations': {'bold': False, 'italic': False, 'strikethrough': False, 'underline': False, 'code': False, 'color': 'default'}, 'plain_text': 'Інструктаж з БЖ. Лабораторна робота № 12. «Визначення ККД похилої площини». Розв’язування задач', 'href': None}]"
"7e476d6f-503f-4d05-8b8f-c3c19670a434","[{'id': 'kYds', 'name': 'МЕХАНІЧНА РОБОТА ТА ЕНЕРГІЯ', 'color': 'default'}]",True,"2023-05-22T16:51:00.000Z","{'start': '2021-05-07', 'end': None, 'time_zone': None}","[{'type': 'text', 'text': {'content': 'Момент сили. Умова рівноваги важеля. Інструктаж з БЖ. Лабораторна робота № 11. «З’ясування умови рівноваги важеля».', 'link': None}, 'annotations': {'bold': False, 'italic': False, 'strikethrough': False, 'underline': False, 'code': False, 'color': 'default'}, 'plain_text': 'Момент сили. Умова рівноваги важеля. Інструктаж з БЖ. Лабораторна робота № 11. «З’ясування умови рівноваги важеля».', 'href': None}]"
"58cd42fa-5d37-4f0f-9a33-02a032392bc5","[{'id': 'kYds', 'name': 'МЕХАНІЧНА РОБОТА ТА ЕНЕРГІЯ', 'color': 'default'}]",True,"2023-05-22T16:51:00.000Z","{'start': '2021-04-23', 'end': None, 'time_zone': None}","[{'type': 'text', 'text': {'content': 'Механічна робота. Одиниця роботи. Потужність.', 'link': None}, 'annotations': {'bold': False, 'italic': False, 'strikethrough': False, 'underline': False, 'code': False, 'color': 'default'}, 'plain_text': 'Механічна робота. Одиниця роботи. Потужність.', 'href': None}]"
"55ecc77e-d7d9-4dcc-9537-91a7af0e69b0","[{'id': 'kYds', 'name': 'МЕХАНІЧНА РОБОТА ТА ЕНЕРГІЯ', 'color': 'default'}]",True,"2023-05-22T16:51:00.000Z","{'start': '2021-04-16', 'end': None, 'time_zone': None}","[{'type': 'text', 'text': {'content': 'Розв’язування задач Контрольна робота.', 'link': None}, 'annotations': {'bold': False, 'italic': False, 'strikethrough': False, 'underline': False, 'code': False, 'color': 'default'}, 'plain_text': 'Розв’язування задач Контрольна робота.', 'href': None}]"
"81d8b423-7613-443b-9d46-ffc94a455c3e","[{'id': 'kYds', 'name': 'МЕХАНІЧНА РОБОТА ТА ЕНЕРГІЯ', 'color': 'default'}]",True,"2023-05-22T16:51:00.000Z","{'start': '2021-04-09', 'end': None, 'time_zone': None}","[{'type': 'text', 'text': {'content': 'Інструктаж з БЖ. Лабораторна робота № 10. «З’ясування умов плавання тіл». Судноплавство та повітроплавання', 'link': None}, 'annotations': {'bold': False, 'italic': False, 'strikethrough': False, 'underline': False, 'code': False, 'color': 'default'}, 'plain_text': 'Інструктаж з БЖ. Лабораторна робота № 10. «З’ясування умов плавання тіл». Судноплавство та повітроплавання', 'href': None}]"
"7ccf9177-c677-4673-a8a8-ca008c392a7f","[{'id': 'TPvI', 'name': 'ТИСК. ЗАКОН АРХІМЕДА. ПЛАВАННЯ.', 'color': 'default'}]",True,"2023-05-22T16:51:00.000Z","{'start': '2021-04-02', 'end': None, 'time_zone': None}","[{'type': 'text', 'text': {'content': 'Виштовхувальна сила в рідинах і газах. Закон Архімеда. Умови плавання тіл.', 'link': None}, 'annotations': {'bold': False, 'italic': False, 'strikethrough': False, 'underline': False, 'code': False, 'color': 'default'}, 'plain_text': 'Виштовхувальна сила в рідинах і газах. Закон Архімеда. Умови плавання тіл.', 'href': None}]"
"76ed0021-8e46-4cf0-994e-a0712547e1db","[{'id': 'e=dm', 'name': 'ЕЛЕКТРИЧНИЙ СТРУМ  У  СЕРЕДОВИЩАХ', 'color': 'default'}]",True,"2023-05-22T16:50:00.000Z","{'start': '2022-05-25', 'end': None, 'time_zone': None}","[{'type': 'text', 'text': {'content': 'Узагальнення і систематизація знань з теми. Проєктна робота', 'link': None}, 'annotations': {'bold': False, 'italic': False, 'strikethrough': False, 'underline': False, 'code': False, 'color': 'default'}, 'plain_text': 'Узагальнення і систематизація знань з теми. Проєктна робота', 'href': None}]"
"434b823d-b75c-4cdd-bdef-10182b34f4f5","[{'id': 'e=dm', 'name': 'ЕЛЕКТРИЧНИЙ СТРУМ  У  СЕРЕДОВИЩАХ', 'color': 'default'}]",True,"2023-05-22T16:50:00.000Z","{'start': '2022-05-23', 'end': None, 'time_zone': None}","[{'type': 'text', 'text': {'content': 'Узагальнення і систематизація знань з теми. Проєктна робота', 'link': None}, 'annotations': {'bold': False, 'italic': False, 'strikethrough': False, 'underline': False, 'code': False, 'color': 'default'}, 'plain_text': 'Узагальнення і систематизація знань з теми. Проєктна робота', 'href': None}]"
"b17eb515-b0ca-4ad0-af3b-11ef654f0503","[{'id': 'e=dm', 'name': 'ЕЛЕКТРИЧНИЙ СТРУМ  У  СЕРЕДОВИЩАХ', 'color': 'default'}]",True,"2023-05-22T16:50:00.000Z","{'start': '2022-05-18', 'end': None, 'time_zone': None}","[{'type': 'text', 'text': {'content': 'Напівпровідникові прилади та їх застосування в техніці. Розв’язування задач.', 'link': None}, 'annotations': {'bold': False, 'italic': False, 'strikethrough': False, 'underline': False, 'code': False, 'color': 'default'}, 'plain_text': 'Напівпровідникові прилади та їх застосування в техніці. Розв’язування задач.', 'href': None}]"
"f2cd32d8-79c6-40f1-9e0e-728dca8b704c","[{'id': 'e=dm', 'name': 'ЕЛЕКТРИЧНИЙ СТРУМ  У  СЕРЕДОВИЩАХ', 'color': 'default'}]",True,"2023-05-22T16:50:00.000Z","{'start': '2022-05-16', 'end': None, 'time_zone': None}","[{'type': 'text', 'text': {'content': 'Напівпровідникові прилади та їх застосування в техніці. Розв’язування задач.', 'link': None}, 'annotations': {'bold': False, 'italic': False, 'strikethrough': False, 'underline': False, 'code': False, 'color': 'default'}, 'plain_text': 'Напівпровідникові прилади та їх застосування в техніці. Розв’язування задач.', 'href': None}]"
"949cb2aa-521a-4859-b11f-08f5836e0109","[{'id': 'e=dm', 'name': 'ЕЛЕКТРИЧНИЙ СТРУМ  У  СЕРЕДОВИЩАХ', 'color': 'default'}]",True,"2023-05-22T16:50:00.000Z","{'start': '2022-05-11', 'end': None, 'time_zone': None}","[{'type': 'text', 'text': {'content': 'Електричний струм в газах. Види самостійних газових розрядів.', 'link': None}, 'annotations': {'bold': False, 'italic': False, 'strikethrough': False, 'underline': False, 'code': False, 'color': 'default'}, 'plain_text': 'Електричний струм в газах. Види самостійних газових розрядів.', 'href': None}]"
"b32ba3d0-cb72-4a79-a19d-e359da35807f","[{'id': 'e=dm', 'name': 'ЕЛЕКТРИЧНИЙ СТРУМ  У  СЕРЕДОВИЩАХ', 'color': 'default'}]",True,"2023-05-22T16:50:00.000Z","{'start': '2022-05-09', 'end': None, 'time_zone': None}","[{'type': 'text', 'text': {'content': 'Електричний струм в газах. Види самостійних газових розрядів.', 'link': None}, 'annotations': {'bold': False, 'italic': False, 'strikethrough': False, 'underline': False, 'code': False, 'color': 'default'}, 'plain_text': 'Електричний струм в газах. Види самостійних газових розрядів.', 'href': None}]"
"a10cbf59-872b-45a7-8e76-83be3e5151b4","[{'id': 'e=dm', 'name': 'ЕЛЕКТРИЧНИЙ СТРУМ  У  СЕРЕДОВИЩАХ', 'color': 'default'}]",True,"2023-05-22T16:50:00.000Z","{'start': '2022-05-02', 'end': None, 'time_zone': None}","[{'type': 'text', 'text': {'content': 'Розв’язування задач. Застосування електролізу.', 'link': None}, 'annotations': {'bold': False, 'italic': False, 'strikethrough': False, 'underline': False, 'code': False, 'color': 'default'}, 'plain_text': 'Розв’язування задач. Застосування електролізу.', 'href': None}]"
"7de328f4-fdff-4184-8034-983e1fd6b002","[{'id': 'e=dm', 'name': 'ЕЛЕКТРИЧНИЙ СТРУМ  У  СЕРЕДОВИЩАХ', 'color': 'default'}]",True,"2023-05-22T16:50:00.000Z","{'start': '2022-04-27', 'end': None, 'time_zone': None}","[{'type': 'text', 'text': {'content': 'Електричний струм в металах Залежність опору металевих провідників від температури.', 'link': None}, 'annotations': {'bold': False, 'italic': False, 'strikethrough': False, 'underline': False, 'code': False, 'color': 'default'}, 'plain_text': 'Електричний струм в металах Залежність опору металевих провідників від температури.', 'href': None}]"
"2acc89e4-aa09-4866-9230-aead88815931","[{'id': 'e=dm', 'name': 'ЕЛЕКТРИЧНИЙ СТРУМ  У  СЕРЕДОВИЩАХ', 'color': 'default'}]",True,"2023-05-22T16:50:00.000Z","{'start': '2022-04-25', 'end': None, 'time_zone': None}","[{'type': 'text', 'text': {'content': 'Електричний струм в металах Залежність опору металевих провідників від температури.', 'link': None}, 'annotations': {'bold': False, 'italic': False, 'strikethrough': False, 'underline': False, 'code': False, 'color': 'default'}, 'plain_text': 'Електричний струм в металах Залежність опору металевих провідників від температури.', 'href': None}]"
"e2ebf029-5104-4acf-a085-8d8470306a29","[{'id': '~kfP', 'name': 'ЕЛЕКТРИЧНИЙ СТРУМ  У  МЕТАЛАХ', 'color': 'default'}]",True,"2023-05-22T16:50:00.000Z","{'start': '2022-04-20', 'end': None, 'time_zone': None}","[{'type': 'text', 'text': {'content': 'Контрольна робота. Енергозберігаючі технології в електротехніці та перспективи розвитку.', 'link': None}, 'annotations': {'bold': False, 'italic': False, 'strikethrough': False, 'underline': False, 'code': False, 'color': 'default'}, 'plain_text': 'Контрольна робота. Енергозберігаючі технології в електротехніці та перспективи розвитку.', 'href': None}]"
"a337632f-31c8-44a9-a686-b98f3e3b7e25","[{'id': '~kfP', 'name': 'ЕЛЕКТРИЧНИЙ СТРУМ  У  МЕТАЛАХ', 'color': 'default'}]",True,"2023-05-22T16:50:00.000Z","{'start': '2022-04-18', 'end': None, 'time_zone': None}","[{'type': 'text', 'text': {'content': 'Контрольна робота. Енергозберігаючі технології в електротехніці та перспективи розвитку.', 'link': None}, 'annotations': {'bold': False, 'italic': False, 'strikethrough': False, 'underline': False, 'code': False, 'color': 'default'}, 'plain_text': 'Контрольна робота. Енергозберігаючі технології в електротехніці та перспективи розвитку.', 'href': None}]"
"74c6f5cd-3709-4ef0-a064-02236f296ffc","[{'id': '~kfP', 'name': 'ЕЛЕКТРИЧНИЙ СТРУМ  У  МЕТАЛАХ', 'color': 'default'}]",True,"2023-05-22T16:50:00.000Z","{'start': '2022-04-13', 'end': None, 'time_zone': None}","[{'type': 'text', 'text': {'content': 'Електричні нагрівальні пристрої. Запобіжники.', 'link': None}, 'annotations': {'bold': False, 'italic': False, 'strikethrough': False, 'underline': False, 'code': False, 'color': 'default'}, 'plain_text': 'Електричні нагрівальні пристрої. Запобіжники.', 'href': None}]"
"eb6f9984-9bef-4ccb-a50e-82ebc498e7a5","[{'id': '~kfP', 'name': 'ЕЛЕКТРИЧНИЙ СТРУМ  У  МЕТАЛАХ', 'color': 'default'}]",True,"2023-05-22T16:50:00.000Z","{'start': '2022-04-06', 'end': None, 'time_zone': None}","[{'type': 'text', 'text': {'content': 'Робота і потужність електричного струму. Розв’язування задач.', 'link': None}, 'annotations': {'bold': False, 'italic': False, 'strikethrough': False, 'underline': False, 'code': False, 'color': 'default'}, 'plain_text': 'Робота і потужність електричного струму. Розв’язування задач.', 'href': None}]"
"b71883a8-1227-44a2-b26a-b24acd47fd2b","[{'id': '~kfP', 'name': 'ЕЛЕКТРИЧНИЙ СТРУМ  У  МЕТАЛАХ', 'color': 'default'}]",True,"2023-05-22T16:50:00.000Z","{'start': '2022-04-04', 'end': None, 'time_zone': None}","[{'type': 'text', 'text': {'content': 'Робота і потужність електричного струму. Розв’язування задач.', 'link': None}, 'annotations': {'bold': False, 'italic': False, 'strikethrough': False, 'underline': False, 'code': False, 'color': 'default'}, 'plain_text': 'Робота і потужність електричного струму. Розв’язування задач.', 'href': None}]"
"c6cdff69-9b93-4f04-a920-465e55d1e280","[{'id': '~kfP', 'name': 'ЕЛЕКТРИЧНИЙ СТРУМ  У  МЕТАЛАХ', 'color': 'default'}]",True,"2023-05-22T16:50:00.000Z","{'start': '2022-03-30', 'end': None, 'time_zone': None}","[{'type': 'text', 'text': {'content': 'Розв’язування задач. Розв’язування задач.', 'link': None}, 'annotations': {'bold': False, 'italic': False, 'strikethrough': False, 'underline': False, 'code': False, 'color': 'default'}, 'plain_text': 'Розв’язування задач. Розв’язування задач.', 'href': None}]"
"33be9acd-f663-4ada-a9cd-93431bc86f12","[{'id': '~kfP', 'name': 'ЕЛЕКТРИЧНИЙ СТРУМ  У  МЕТАЛАХ', 'color': 'default'}]",True,"2023-05-22T16:50:00.000Z","{'start': '2022-03-28', 'end': None, 'time_zone': None}","[{'type': 'text', 'text': {'content': 'Розв’язування задач. Розв’язування задач.', 'link': None}, 'annotations': {'bold': False, 'italic': False, 'strikethrough': False, 'underline': False, 'code': False, 'color': 'default'}, 'plain_text': 'Розв’язування задач. Розв’язування задач.', 'href': None}]"
"e835b8b5-b4cb-4f7d-8470-addef93456bf","[{'id': '~kfP', 'name': 'ЕЛЕКТРИЧНИЙ СТРУМ  У  МЕТАЛАХ', 'color': 'default'}]",True,"2023-05-22T16:50:00.000Z","{'start': '2022-03-23', 'end': None, 'time_zone': None}","[{'type': 'text', 'text': {'content': 'Методи розрахунку розгалужених електричних кіл.', 'link': None}, 'annotations': {'bold': False, 'italic': False, 'strikethrough': False, 'underline': False, 'code': False, 'color': 'default'}, 'plain_text': 'Методи розрахунку розгалужених електричних кіл.', 'href': None}]"
"1cdf5941-2d5e-42e8-afb9-ea9454232497","[{'id': '~kfP', 'name': 'ЕЛЕКТРИЧНИЙ СТРУМ  У  МЕТАЛАХ', 'color': 'default'}]",True,"2023-05-22T16:50:00.000Z","{'start': '2022-03-16', 'end': None, 'time_zone': None}","[{'type': 'text', 'text': {'content': 'Розв’язування задач. Інструктаж з БЖ. Лабораторна робота № 5. «Дослідження електричного кола з паралельним з’єднанням провідників».', 'link': None}, 'annotations': {'bold': False, 'italic': False, 'strikethrough': False, 'underline': False, 'code': False, 'color': 'default'}, 'plain_text': 'Розв’язування задач. Інструктаж з БЖ. Лабораторна робота № 5. «Дослідження електричного кола з паралельним з’єднанням провідників».', 'href': None}]"
"55db13bf-974f-4cc3-a472-dea0320ca2bb","[{'id': '~kfP', 'name': 'ЕЛЕКТРИЧНИЙ СТРУМ  У  МЕТАЛАХ', 'color': 'default'}]",True,"2023-05-22T16:50:00.000Z","{'start': '2022-02-21', 'end': None, 'time_zone': None}","[{'type': 'text', 'text': {'content': 'Розв’язування задач. Розрахунок опору металевого провідника. Питомий опір речовини. Реостати.', 'link': None}, 'annotations': {'bold': False, 'italic': False, 'strikethrough': False, 'underline': False, 'code': False, 'color': 'default'}, 'plain_text': 'Розв’язування задач. Розрахунок опору металевого провідника. Питомий опір речовини. Реостати.', 'href': None}]"
"e92b9e37-46aa-45ab-babf-4462f9ebf3e5","[{'id': '~kfP', 'name': 'ЕЛЕКТРИЧНИЙ СТРУМ  У  МЕТАЛАХ', 'color': 'default'}]",True,"2023-05-22T16:50:00.000Z","{'start': '2022-02-16', 'end': None, 'time_zone': None}","[{'type': 'text', 'text': {'content': 'Сила струму. Одиниця сили струму. Амперметр. Вимірювання сили струму. Електрична напруга. Одиниця напруги. Вольтметр. Вимірювання напруги.', 'link': None}, 'annotations': {'bold': False, 'italic': False, 'strikethrough': False, 'underline': False, 'code': False, 'color': 'default'}, 'plain_text': 'Сила струму. Одиниця сили струму. Амперметр. Вимірювання сили струму. Електрична напруга. Одиниця напруги. Вольтметр. Вимірювання напруги.', 'href': None}]"
"72338b95-e519-4e9f-b062-2bb3db732541","[{'id': '~kfP', 'name': 'ЕЛЕКТРИЧНИЙ СТРУМ  У  МЕТАЛАХ', 'color': 'default'}]",True,"2023-05-22T16:50:00.000Z","{'start': '2022-02-14', 'end': None, 'time_zone': None}","[{'type': 'text', 'text': {'content': 'Сила струму. Одиниця сили струму. Амперметр. Вимірювання сили струму. Електрична напруга. Одиниця напруги. Вольтметр. Вимірювання напруги.', 'link': None}, 'annotations': {'bold': False, 'italic': False, 'strikethrough': False, 'underline': False, 'code': False, 'color': 'default'}, 'plain_text': 'Сила струму. Одиниця сили струму. Амперметр. Вимірювання сили струму. Електрична напруга. Одиниця напруги. Вольтметр. Вимірювання напруги.', 'href': None}]"
"5f4a5244-452c-4353-b9b7-b9927fc6cd8a","[{'id': '~kfP', 'name': 'ЕЛЕКТРИЧНИЙ СТРУМ  У  МЕТАЛАХ', 'color': 'default'}]",True,"2023-05-22T16:50:00.000Z","{'start': '2022-02-09', 'end': None, 'time_zone': None}","[{'type': 'text', 'text': {'content': 'Дії електричного струму.(Теплова, хімічна, магнітна). Джерела електричного струму. ', 'link': None}, 'annotations': {'bold': False, 'italic': False, 'strikethrough': False, 'underline': False, 'code': False, 'color': 'default'}, 'plain_text': 'Дії електричного струму.(Теплова, хімічна, магнітна). Джерела електричного струму. ', 'href': None}]"
"95a0384f-1b49-4aa8-955a-60f853d1db73","[{'id': '~kfP', 'name': 'ЕЛЕКТРИЧНИЙ СТРУМ  У  МЕТАЛАХ', 'color': 'default'}]",True,"2023-05-22T16:50:00.000Z","{'start': '2022-02-07', 'end': None, 'time_zone': None}","[{'type': 'text', 'text': {'content': 'Дії електричного струму.(Теплова, хімічна, магнітна). Джерела електричного струму. ', 'link': None}, 'annotations': {'bold': False, 'italic': False, 'strikethrough': False, 'underline': False, 'code': False, 'color': 'default'}, 'plain_text': 'Дії електричного струму.(Теплова, хімічна, магнітна). Джерела електричного струму. ', 'href': None}]"
"ed34eb9e-7a16-4d4a-84b9-80d40711309a","[{'id': '~kfP', 'name': 'ЕЛЕКТРИЧНИЙ СТРУМ  У  МЕТАЛАХ', 'color': 'default'}]",True,"2023-05-22T16:50:00.000Z","{'start': '2022-02-02', 'end': None, 'time_zone': None}","[{'type': 'text', 'text': {'content': 'Узагальнення і систематизація знань з теми. Контрольна робота.', 'link': None}, 'annotations': {'bold': False, 'italic': False, 'strikethrough': False, 'underline': False, 'code': False, 'color': 'default'}, 'plain_text': 'Узагальнення і систематизація знань з теми. Контрольна робота.', 'href': None}]"
"baf37ccb-060e-472e-bf21-e4c9be740cd3","[{'id': 'Sry;', 'name': 'ЕЛЕКТРИЧНЕ ПОЛЕ', 'color': 'default'}]",True,"2023-05-22T16:50:00.000Z","{'start': '2022-01-26', 'end': None, 'time_zone': None}","[{'type': 'text', 'text': {'content': 'Закон Кулона. Розв’язування задач.', 'link': None}, 'annotations': {'bold': False, 'italic': False, 'strikethrough': False, 'underline': False, 'code': False, 'color': 'default'}, 'plain_text': 'Закон Кулона. Розв’язування задач.', 'href': None}]"
"8b6c7b1a-9cbc-4be7-b20d-eca2613d8b74","[{'id': 'Sry;', 'name': 'ЕЛЕКТРИЧНЕ ПОЛЕ', 'color': 'default'}]",True,"2023-05-22T16:50:00.000Z","{'start': '2022-01-24', 'end': None, 'time_zone': None}","[{'type': 'text', 'text': {'content': 'Закон Кулона. Розв’язування задач.', 'link': None}, 'annotations': {'bold': False, 'italic': False, 'strikethrough': False, 'underline': False, 'code': False, 'color': 'default'}, 'plain_text': 'Закон Кулона. Розв’язування задач.', 'href': None}]"
"99f54b9a-c3b1-4b07-903e-022d7d3ca652","[{'id': 'Sry;', 'name': 'ЕЛЕКТРИЧНЕ ПОЛЕ', 'color': 'default'}]",True,"2023-05-22T16:50:00.000Z","{'start': '2022-01-17', 'end': None, 'time_zone': None}","[{'type': 'text', 'text': {'content': 'Інструктаж з БЖ. Лабораторна робота № 2. «Визначення питомої теплоємності речовини».', 'link': None}, 'annotations': {'bold': False, 'italic': False, 'strikethrough': False, 'underline': False, 'code': False, 'color': 'default'}, 'plain_text': 'Інструктаж з БЖ. Лабораторна робота № 2. «Визначення питомої теплоємності речовини».', 'href': None}]"
"937a6018-7665-44d0-bc46-8636d8a2b5c4","[{'id': 'Sry;', 'name': 'ЕЛЕКТРИЧНЕ ПОЛЕ', 'color': 'default'}]",True,"2023-05-22T16:50:00.000Z","{'start': '2022-01-12', 'end': None, 'time_zone': None}","[{'type': 'text', 'text': {'content': 'Розв’язування задач. Розв’язування задач.', 'link': None}, 'annotations': {'bold': False, 'italic': False, 'strikethrough': False, 'underline': False, 'code': False, 'color': 'default'}, 'plain_text': 'Розв’язування задач. Розв’язування задач.', 'href': None}]"
"8e69fef9-34db-415d-9a88-2b681b5b4189","[{'id': 'Sry;', 'name': 'ЕЛЕКТРИЧНЕ ПОЛЕ', 'color': 'default'}]",True,"2023-05-22T16:50:00.000Z","{'start': '2022-01-10', 'end': None, 'time_zone': None}","[{'type': 'text', 'text': {'content': 'Інструктаж з БЖ. Лабораторна робота № 1. «Вивчення теплового балансу за умов змішування води різної температури».', 'link': None}, 'annotations': {'bold': False, 'italic': False, 'strikethrough': False, 'underline': False, 'code': False, 'color': 'default'}, 'plain_text': 'Інструктаж з БЖ. Лабораторна робота № 1. «Вивчення теплового балансу за умов змішування води різної температури».', 'href': None}]"
"bcf2594a-c7bd-45cf-8d4d-9a5edb22edb9","[{'id': 'sarc', 'name': 'ТЕПЛОВІ ЯВИЩА', 'color': 'default'}]",True,"2023-05-22T16:50:00.000Z","{'start': '2021-12-15', 'end': None, 'time_zone': None}","[{'type': 'text', 'text': {'content': 'Теплові двигуни. Види теплових двигунів. Двигун внутрішнього згорання. Дизельний двигун.', 'link': None}, 'annotations': {'bold': False, 'italic': False, 'strikethrough': False, 'underline': False, 'code': False, 'color': 'default'}, 'plain_text': 'Теплові двигуни. Види теплових двигунів. Двигун внутрішнього згорання. Дизельний двигун.', 'href': None}]"
"a7713bbc-ef9d-484f-80e5-f0bbc38a2e00","[{'id': 'sarc', 'name': 'ТЕПЛОВІ ЯВИЩА', 'color': 'default'}]",True,"2023-05-22T16:50:00.000Z","{'start': '2021-12-08', 'end': None, 'time_zone': None}","[{'type': 'text', 'text': {'content': 'Розв’язування задач. Із історії винайдення теплових машин.', 'link': None}, 'annotations': {'bold': False, 'italic': False, 'strikethrough': False, 'underline': False, 'code': False, 'color': 'default'}, 'plain_text': 'Розв’язування задач. Із історії винайдення теплових машин.', 'href': None}]"
"88a395f7-c5ac-4f4f-a510-b046e9dffeda","[{'id': 'sarc', 'name': 'ТЕПЛОВІ ЯВИЩА', 'color': 'default'}]",True,"2023-05-22T16:50:00.000Z","{'start': '2021-12-06', 'end': None, 'time_zone': None}","[{'type': 'text', 'text': {'content': 'Розв’язування задач. Із історії винайдення теплових машин.', 'link': None}, 'annotations': {'bold': False, 'italic': False, 'strikethrough': False, 'underline': False, 'code': False, 'color': 'default'}, 'plain_text': 'Розв’язування задач. Із історії винайдення теплових машин.', 'href': None}]"
"e24b132f-167b-4fb9-9a3e-90418ce4fba1","[{'id': 'sarc', 'name': 'ТЕПЛОВІ ЯВИЩА', 'color': 'default'}]",True,"2023-05-22T16:50:00.000Z","{'start': '2021-12-01', 'end': None, 'time_zone': None}","[{'type': 'text', 'text': {'content': 'Принцип дії теплових двигунів. ККД теплового двигуна. Деякі види теплових двигунів.', 'link': None}, 'annotations': {'bold': False, 'italic': False, 'strikethrough': False, 'underline': False, 'code': False, 'color': 'default'}, 'plain_text': 'Принцип дії теплових двигунів. ККД теплового двигуна. Деякі види теплових двигунів.', 'href': None}]"
"30ea74c6-706e-49a9-9225-ce6a96657309","[{'id': 'sarc', 'name': 'ТЕПЛОВІ ЯВИЩА', 'color': 'default'}]",True,"2023-05-22T16:50:00.000Z","{'start': '2021-11-22', 'end': None, 'time_zone': None}","[{'type': 'text', 'text': {'content': 'Розв’язування задач. Розв’язування задач.', 'link': None}, 'annotations': {'bold': False, 'italic': False, 'strikethrough': False, 'underline': False, 'code': False, 'color': 'default'}, 'plain_text': 'Розв’язування задач. Розв’язування задач.', 'href': None}]"
"20f73325-7a2a-424c-afe0-f4c9f9561a5a","[{'id': 'sarc', 'name': 'ТЕПЛОВІ ЯВИЩА', 'color': 'default'}]",True,"2023-05-22T16:50:00.000Z","{'start': '2021-11-17', 'end': None, 'time_zone': None}","[{'type': 'text', 'text': {'content': 'Згорання палива. Питома теплота згорання палива. ККД нагрівника. Розв’язування задач.', 'link': None}, 'annotations': {'bold': False, 'italic': False, 'strikethrough': False, 'underline': False, 'code': False, 'color': 'default'}, 'plain_text': 'Згорання палива. Питома теплота згорання палива. ККД нагрівника. Розв’язування задач.', 'href': None}]"
"8f36fc1c-c934-4126-83f3-e72ead9bd745","[{'id': 'sarc', 'name': 'ТЕПЛОВІ ЯВИЩА', 'color': 'default'}]",True,"2023-05-22T16:50:00.000Z","{'start': '2021-11-15', 'end': None, 'time_zone': None}","[{'type': 'text', 'text': {'content': 'Згорання палива. Питома теплота згорання палива. ККД нагрівника. Розв’язування задач.', 'link': None}, 'annotations': {'bold': False, 'italic': False, 'strikethrough': False, 'underline': False, 'code': False, 'color': 'default'}, 'plain_text': 'Згорання палива. Питома теплота згорання палива. ККД нагрівника. Розв’язування задач.', 'href': None}]"
"f45efd92-abeb-4a9c-872f-59937adae850","[{'id': 'sarc', 'name': 'ТЕПЛОВІ ЯВИЩА', 'color': 'default'}]",True,"2023-05-22T16:50:00.000Z","{'start': '2021-11-10', 'end': None, 'time_zone': None}","[{'type': 'text', 'text': {'content': 'Випаровування та конденсація. Швидкість випаровування. Кипіння. Питома теплота пароутворення.', 'link': None}, 'annotations': {'bold': False, 'italic': False, 'strikethrough': False, 'underline': False, 'code': False, 'color': 'default'}, 'plain_text': 'Випаровування та конденсація. Швидкість випаровування. Кипіння. Питома теплота пароутворення.', 'href': None}]"
"986ba2b0-1cc2-427a-8ffc-b6235816fb79","[{'id': 'sarc', 'name': 'ТЕПЛОВІ ЯВИЩА', 'color': 'default'}]",True,"2023-05-22T16:50:00.000Z","{'start': '2021-11-08', 'end': None, 'time_zone': None}","[{'type': 'text', 'text': {'content': 'Випаровування та конденсація. Швидкість випаровування. Кипіння. Питома теплота пароутворення.', 'link': None}, 'annotations': {'bold': False, 'italic': False, 'strikethrough': False, 'underline': False, 'code': False, 'color': 'default'}, 'plain_text': 'Випаровування та конденсація. Швидкість випаровування. Кипіння. Питома теплота пароутворення.', 'href': None}]"
"2636f3ea-3b1d-4ce8-abc6-66736fe9dead","[{'id': 'sarc', 'name': 'ТЕПЛОВІ ЯВИЩА', 'color': 'default'}]",True,"2023-05-22T16:50:00.000Z","{'start': '2021-11-03', 'end': None, 'time_zone': None}","[{'type': 'text', 'text': {'content': 'Плавлення та кристалізація. Питома теплота плавлення.', 'link': None}, 'annotations': {'bold': False, 'italic': False, 'strikethrough': False, 'underline': False, 'code': False, 'color': 'default'}, 'plain_text': 'Плавлення та кристалізація. Питома теплота плавлення.', 'href': None}]"
"2e0274c7-ba29-4e26-a70e-3ce6a656db5a","[{'id': 'sarc', 'name': 'ТЕПЛОВІ ЯВИЩА', 'color': 'default'}]",True,"2023-05-22T16:50:00.000Z","{'start': '2021-11-01', 'end': None, 'time_zone': None}","[{'type': 'text', 'text': {'content': 'Плавлення та кристалізація. Питома теплота плавлення.', 'link': None}, 'annotations': {'bold': False, 'italic': False, 'strikethrough': False, 'underline': False, 'code': False, 'color': 'default'}, 'plain_text': 'Плавлення та кристалізація. Питома теплота плавлення.', 'href': None}]"
"226aa011-7577-4973-af5f-10706f4ef93f","[{'id': 'sarc', 'name': 'ТЕПЛОВІ ЯВИЩА', 'color': 'default'}]",True,"2023-05-22T16:50:00.000Z","{'start': '2021-10-20', 'end': None, 'time_zone': None}","[{'type': 'text', 'text': {'content': 'Плавлення та кристалізація. Питома теплота плавлення.', 'link': None}, 'annotations': {'bold': False, 'italic': False, 'strikethrough': False, 'underline': False, 'code': False, 'color': 'default'}, 'plain_text': 'Плавлення та кристалізація. Питома теплота плавлення.', 'href': None}]"
"dc281917-d4c9-46c2-8ee0-09d00bdffd25","[{'id': 'sarc', 'name': 'ТЕПЛОВІ ЯВИЩА', 'color': 'default'}]",True,"2023-05-22T16:50:00.000Z","{'start': '2021-10-18', 'end': None, 'time_zone': None}","[{'type': 'text', 'text': {'content': 'Плавлення та кристалізація. Питома теплота плавлення.', 'link': None}, 'annotations': {'bold': False, 'italic': False, 'strikethrough': False, 'underline': False, 'code': False, 'color': 'default'}, 'plain_text': 'Плавлення та кристалізація. Питома теплота плавлення.', 'href': None}]"
"ce39473b-0140-4d45-b05d-1f6457580b4d","[{'id': 'sarc', 'name': 'ТЕПЛОВІ ЯВИЩА', 'color': 'default'}]",True,"2023-05-22T16:50:00.000Z","{'start': '2021-10-06', 'end': None, 'time_zone': None}","[{'type': 'text', 'text': {'content': 'Розв’язування задач. Тепловий баланс.', 'link': None}, 'annotations': {'bold': False, 'italic': False, 'strikethrough': False, 'underline': False, 'code': False, 'color': 'default'}, 'plain_text': 'Розв’язування задач. Тепловий баланс.', 'href': None}]"
"bc6ab085-399b-483a-9e34-1c9d91d8f663","[{'id': 'sarc', 'name': 'ТЕПЛОВІ ЯВИЩА', 'color': 'default'}]",True,"2023-05-22T16:50:00.000Z","{'start': '2021-10-04', 'end': None, 'time_zone': None}","[{'type': 'text', 'text': {'content': 'Розв’язування задач. Тепловий баланс.', 'link': None}, 'annotations': {'bold': False, 'italic': False, 'strikethrough': False, 'underline': False, 'code': False, 'color': 'default'}, 'plain_text': 'Розв’язування задач. Тепловий баланс.', 'href': None}]"
"f4d4ee50-2fe8-49a1-9e70-d0dab38cf5ab","[{'id': 'sarc', 'name': 'ТЕПЛОВІ ЯВИЩА', 'color': 'default'}]",True,"2023-05-22T16:50:00.000Z","{'start': '2021-09-29', 'end': None, 'time_zone': None}","[{'type': 'text', 'text': {'content': 'Розв’язування задач. Тепловий баланс.', 'link': None}, 'annotations': {'bold': False, 'italic': False, 'strikethrough': False, 'underline': False, 'code': False, 'color': 'default'}, 'plain_text': 'Розв’язування задач. Тепловий баланс.', 'href': None}]"
"0553f5be-65d4-4563-a892-f4f2d77f7b36","[{'id': 'sarc', 'name': 'ТЕПЛОВІ ЯВИЩА', 'color': 'default'}]",True,"2023-05-22T16:50:00.000Z","{'start': '2021-09-27', 'end': None, 'time_zone': None}","[{'type': 'text', 'text': {'content': 'Розв’язування задач. Тепловий баланс.', 'link': None}, 'annotations': {'bold': False, 'italic': False, 'strikethrough': False, 'underline': False, 'code': False, 'color': 'default'}, 'plain_text': 'Розв’язування задач. Тепловий баланс.', 'href': None}]"
"434c7e55-3794-4a48-8ea9-802a09e7a582","[{'id': 'sarc', 'name': 'ТЕПЛОВІ ЯВИЩА', 'color': 'default'}]",True,"2023-05-22T16:50:00.000Z","{'start': '2021-09-22', 'end': None, 'time_zone': None}","[{'type': 'text', 'text': {'content': 'Теплове випромінювання. Кількість теплоти. Питома теплоємність речовини. Розрахунок кількості теплоти під час нагрівання або охолодження.', 'link': None}, 'annotations': {'bold': False, 'italic': False, 'strikethrough': False, 'underline': False, 'code': False, 'color': 'default'}, 'plain_text': 'Теплове випромінювання. Кількість теплоти. Питома теплоємність речовини. Розрахунок кількості теплоти під час нагрівання або охолодження.', 'href': None}]"
"34e07d37-2df0-4024-b282-103e1b667bb8","[{'id': 'sarc', 'name': 'ТЕПЛОВІ ЯВИЩА', 'color': 'default'}]",True,"2023-05-22T16:50:00.000Z","{'start': '2021-09-15', 'end': None, 'time_zone': None}","[{'type': 'text', 'text': {'content': 'Способи зміни внутрішньої енергії. Теплопровідність.', 'link': None}, 'annotations': {'bold': False, 'italic': False, 'strikethrough': False, 'underline': False, 'code': False, 'color': 'default'}, 'plain_text': 'Способи зміни внутрішньої енергії. Теплопровідність.', 'href': None}]"
"5a96527a-d8fb-4aaf-a44e-3a1018b9c298","[{'id': 'sarc', 'name': 'ТЕПЛОВІ ЯВИЩА', 'color': 'default'}]",True,"2023-05-22T16:50:00.000Z","{'start': '2021-09-13', 'end': None, 'time_zone': None}","[{'type': 'text', 'text': {'content': 'Способи зміни внутрішньої енергії. Теплопровідність.', 'link': None}, 'annotations': {'bold': False, 'italic': False, 'strikethrough': False, 'underline': False, 'code': False, 'color': 'default'}, 'plain_text': 'Способи зміни внутрішньої енергії. Теплопровідність.', 'href': None}]"
"aa16e2f7-cbb8-4f3e-b847-368592d2f615","[{'id': 'sarc', 'name': 'ТЕПЛОВІ ЯВИЩА', 'color': 'default'}]",True,"2023-05-22T16:50:00.000Z","{'start': '2021-09-08', 'end': None, 'time_zone': None}","[{'type': 'text', 'text': {'content': 'Тепловий стан тіл. Температура та її вимірювання. Залежність розмірів фізичних тіл від температури.', 'link': None}, 'annotations': {'bold': False, 'italic': False, 'strikethrough': False, 'underline': False, 'code': False, 'color': 'default'}, 'plain_text': 'Тепловий стан тіл. Температура та її вимірювання. Залежність розмірів фізичних тіл від температури.', 'href': None}]"
"eed33299-b3d9-4c1e-a857-6dbf86af6bee","[{'id': 'oGlL', 'name': 'ЗАКОНИ ЗБЕРЕЖЕННЯ', 'color': 'pink'}]",False,"2023-02-24T09:36:00.000Z","{'start': '2023-04-07', 'end': None, 'time_zone': None}","[{'type': 'text', 'text': {'content': 'Імпульс. Закон збереження імпульсу..', 'link': None}, 'annotations': {'bold': False, 'italic': False, 'strikethrough': False, 'underline': False, 'code': False, 'color': 'default'}, 'plain_text': 'Імпульс. Закон збереження імпульсу..', 'href': None}]"
"a7eba790-cb41-4b2f-9372-c0c68ff44a34","[{'id': 'C}Wn', 'name': 'МЕХАНІЧНІ КОЛИВАННЯ', 'color': 'blue'}]",True,"2023-02-23T21:29:00.000Z","{'start': '2023-05-19', 'end': None, 'time_zone': None}","[{'type': 'text', 'text': {'content': 'Повторення Механічні коливання. Рівняння гармонічних коливань.        19.05.2023', 'link': None}, 'annotations': {'bold': False, 'italic': False, 'strikethrough': False, 'underline': False, 'code': False, 'color': 'default'}, 'plain_text': 'Повторення Механічні коливання. Рівняння гармонічних коливань.        19.05.2023', 'href': None}]"
"92cd0bc8-eb23-4da9-b9ff-dd42162e41a5","[{'id': 'C}Wn', 'name': 'МЕХАНІЧНІ КОЛИВАННЯ', 'color': 'blue'}]",False,"2023-02-23T21:29:00.000Z","{'start': '2023-05-17', 'end': None, 'time_zone': None}","[{'type': 'text', 'text': {'content': 'Повторення Повторення        17.05.2023', 'link': None}, 'annotations': {'bold': False, 'italic': False, 'strikethrough': False, 'underline': False, 'code': False, 'color': 'default'}, 'plain_text': 'Повторення Повторення        17.05.2023', 'href': None}]"
"694a1161-acbb-4f52-ace7-d4e8e79bf9f6","[{'id': 'oGlL', 'name': 'ЗАКОНИ ЗБЕРЕЖЕННЯ', 'color': 'pink'}]",True,"2023-02-23T21:29:00.000Z","{'start': '2023-05-12', 'end': None, 'time_zone': None}","[{'type': 'text', 'text': {'content': 'Розв’язування задач. Підготовка до к.р.        12.05.2023', 'link': None}, 'annotations': {'bold': False, 'italic': False, 'strikethrough': False, 'underline': False, 'code': False, 'color': 'default'}, 'plain_text': 'Розв’язування задач. Підготовка до к.р.        12.05.2023', 'href': None}]"
"bc543132-e8dd-4a88-8fe5-018eab5c449f","[{'id': 'oGlL', 'name': 'ЗАКОНИ ЗБЕРЕЖЕННЯ', 'color': 'pink'}]",False,"2023-02-23T21:29:00.000Z","{'start': '2023-05-10', 'end': None, 'time_zone': None}","[{'type': 'text', 'text': {'content': 'Розв’язування задач. Розв’язування задач.        10.05.2023', 'link': None}, 'annotations': {'bold': False, 'italic': False, 'strikethrough': False, 'underline': False, 'code': False, 'color': 'default'}, 'plain_text': 'Розв’язування задач. Розв’язування задач.        10.05.2023', 'href': None}]"
"2cb32d8a-9cc6-4152-b4c3-0cad50dfb2d5","[{'id': 'oGlL', 'name': 'ЗАКОНИ ЗБЕРЕЖЕННЯ', 'color': 'pink'}]",True,"2023-02-23T21:29:00.000Z","{'start': '2023-05-05', 'end': None, 'time_zone': None}","[{'type': 'text', 'text': {'content': '""Розв’язування задач. Застосування законів збереження енергії й імпульсу в механічних явищах.""        05.05.2023', 'link': None}, 'annotations': {'bold': False, 'italic': False, 'strikethrough': False, 'underline': False, 'code': False, 'color': 'default'}, 'plain_text': '""Розв’язування задач. Застосування законів збереження енергії й імпульсу в механічних явищах.""        05.05.2023', 'href': None}]"
"2bccc4ec-afc8-42e7-a4b1-3adac237f634","[{'id': 'oGlL', 'name': 'ЗАКОНИ ЗБЕРЕЖЕННЯ', 'color': 'pink'}]",True,"2023-02-23T21:29:00.000Z","{'start': '2023-05-03', 'end': None, 'time_zone': None}","[{'type': 'text', 'text': {'content': 'Дисипативні сили Розв’язування задач.        03.05.2023', 'link': None}, 'annotations': {'bold': False, 'italic': False, 'strikethrough': False, 'underline': False, 'code': False, 'color': 'default'}, 'plain_text': 'Дисипативні сили Розв’язування задач.        03.05.2023', 'href': None}]"
"265db305-fe1e-4846-93cd-4d0f8732c7d5","[{'id': 'oGlL', 'name': 'ЗАКОНИ ЗБЕРЕЖЕННЯ', 'color': 'pink'}]",True,"2023-02-23T21:29:00.000Z","{'start': '2023-04-28', 'end': None, 'time_zone': None}","[{'type': 'text', 'text': {'content': 'Інструктаж з БЖ. Лабораторна робота № 7. «Вивчення закону збереження механічної енергії». Розв’язування задач.        28.04.2023', 'link': None}, 'annotations': {'bold': False, 'italic': False, 'strikethrough': False, 'underline': False, 'code': False, 'color': 'default'}, 'plain_text': 'Інструктаж з БЖ. Лабораторна робота № 7. «Вивчення закону збереження механічної енергії». Розв’язування задач.        28.04.2023', 'href': None}]"
"7f374f54-9b62-4ff2-85a1-1a00b57a631b","[{'id': 'oGlL', 'name': 'ЗАКОНИ ЗБЕРЕЖЕННЯ', 'color': 'pink'}]",False,"2023-02-23T21:29:00.000Z","{'start': '2023-04-26', 'end': None, 'time_zone': None}","[{'type': 'text', 'text': {'content': 'Розв’язування задач. Розв’язування задач.        26.04.2023', 'link': None}, 'annotations': {'bold': False, 'italic': False, 'strikethrough': False, 'underline': False, 'code': False, 'color': 'default'}, 'plain_text': 'Розв’язування задач. Розв’язування задач.        26.04.2023', 'href': None}]"
"bf33538f-4888-4b91-b02c-76c99eb2345e","[{'id': 'oGlL', 'name': 'ЗАКОНИ ЗБЕРЕЖЕННЯ', 'color': 'pink'}]",True,"2023-02-23T21:29:00.000Z","{'start': '2023-04-21', 'end': None, 'time_zone': None}","[{'type': 'text', 'text': {'content': 'Розв’язування задач. Закон збереження повної механічної енергії        21.04.2023', 'link': None}, 'annotations': {'bold': False, 'italic': False, 'strikethrough': False, 'underline': False, 'code': False, 'color': 'default'}, 'plain_text': 'Розв’язування задач. Закон збереження повної механічної енергії        21.04.2023', 'href': None}]"
"d051c8bf-9b15-40a7-a45f-82e22a504adf","[{'id': 'oGlL', 'name': 'ЗАКОНИ ЗБЕРЕЖЕННЯ', 'color': 'pink'}]",True,"2023-02-23T21:29:00.000Z","{'start': '2023-04-19', 'end': None, 'time_zone': None}","[{'type': 'text', 'text': {'content': 'Розв’язування задач. Потенціальна і кінетична енергії.        19.04.2023', 'link': None}, 'annotations': {'bold': False, 'italic': False, 'strikethrough': False, 'underline': False, 'code': False, 'color': 'default'}, 'plain_text': 'Розв’язування задач. Потенціальна і кінетична енергії.        19.04.2023', 'href': None}]"
"f3068689-9365-42ca-bffd-41dafb4f11da","[{'id': 'oGlL', 'name': 'ЗАКОНИ ЗБЕРЕЖЕННЯ', 'color': 'pink'}]",True,"2023-02-23T21:29:00.000Z","{'start': '2023-04-14', 'end': None, 'time_zone': None}","[{'type': 'text', 'text': {'content': 'Розв’язування задач. Механічна робота.        14.04.2023', 'link': None}, 'annotations': {'bold': False, 'italic': False, 'strikethrough': False, 'underline': False, 'code': False, 'color': 'default'}, 'plain_text': 'Розв’язування задач. Механічна робота.        14.04.2023', 'href': None}]"
"33eeb375-5b66-493c-8092-96cf4fff980e","[{'id': 'oGlL', 'name': 'ЗАКОНИ ЗБЕРЕЖЕННЯ', 'color': 'pink'}]",True,"2023-02-23T21:29:00.000Z","{'start': '2023-04-12', 'end': None, 'time_zone': None}","[{'type': 'text', 'text': {'content': 'Розв’язування задач. Реактивний рух. Фізичні основи ракетної техніки        12.04.2023', 'link': None}, 'annotations': {'bold': False, 'italic': False, 'strikethrough': False, 'underline': False, 'code': False, 'color': 'default'}, 'plain_text': 'Розв’язування задач. Реактивний рух. Фізичні основи ракетної техніки        12.04.2023', 'href': None}]"
"3a97b506-b74b-4aa1-8f82-a9dc3bee00a0","[{'id': 'Xp?B', 'name': 'РУХ І ВЗАЄМОДІЯ', 'color': 'brown'}]",True,"2023-02-23T21:29:00.000Z","{'start': '2023-04-05', 'end': None, 'time_zone': None}","[{'type': 'text', 'text': {'content': 'Рух тіла під дією кількох сил. Контрольна робота.', 'link': None}, 'annotations': {'bold': False, 'italic': False, 'strikethrough': False, 'underline': False, 'code': False, 'color': 'default'}, 'plain_text': 'Рух тіла під дією кількох сил. Контрольна робота.', 'href': None}]"
"1827b3b3-f4c1-466c-a8c9-7773d1158ad7","[{'id': 'Xp?B', 'name': 'РУХ І ВЗАЄМОДІЯ', 'color': 'brown'}]",True,"2023-02-23T21:29:00.000Z","{'start': '2023-03-24', 'end': None, 'time_zone': None}","[{'type': 'text', 'text': {'content': 'Розв’язування задач. Інструктаж з БЖ. Лабораторна робота № 7. «Дослідження руху тіла, кинутого горизонтально».', 'link': None}, 'annotations': {'bold': False, 'italic': False, 'strikethrough': False, 'underline': False, 'code': False, 'color': 'default'}, 'plain_text': 'Розв’язування задач. Інструктаж з БЖ. Лабораторна робота № 7. «Дослідження руху тіла, кинутого горизонтально».', 'href': None}]"
"8246f9fa-6ee1-4a51-aed5-ce87ec0d1eb8","[{'id': 'Xp?B', 'name': 'РУХ І ВЗАЄМОДІЯ', 'color': 'brown'}]",True,"2023-02-23T21:29:00.000Z","{'start': '2023-03-22', 'end': None, 'time_zone': None}","[{'type': 'text', 'text': {'content': 'Розв’язування задач. Рух тіла, кинутого горизонтально та під кутом до горизонту.', 'link': None}, 'annotations': {'bold': False, 'italic': False, 'strikethrough': False, 'underline': False, 'code': False, 'color': 'default'}, 'plain_text': 'Розв’язування задач. Рух тіла, кинутого горизонтально та під кутом до горизонту.', 'href': None}]"
"5e06dfc7-ade8-4ee5-8cee-31c9a6f29e95","[{'id': 'Xp?B', 'name': 'РУХ І ВЗАЄМОДІЯ', 'color': 'brown'}]",True,"2023-02-23T21:29:00.000Z","{'start': '2023-03-17', 'end': None, 'time_zone': None}","[{'type': 'text', 'text': {'content': 'Закон всесвітнього тяжіння. Рух тіла під дією сили тяжіння. Прискорення вільного падіння.', 'link': None}, 'annotations': {'bold': False, 'italic': False, 'strikethrough': False, 'underline': False, 'code': False, 'color': 'default'}, 'plain_text': 'Закон всесвітнього тяжіння. Рух тіла під дією сили тяжіння. Прискорення вільного падіння.', 'href': None}]"
"15b071b6-9e44-4c9b-beda-cd70376b7fc8","[{'id': 'Xp?B', 'name': 'РУХ І ВЗАЄМОДІЯ', 'color': 'brown'}]",True,"2023-02-23T21:29:00.000Z","{'start': '2023-03-15', 'end': None, 'time_zone': None}","[{'type': 'text', 'text': {'content': 'Третій закон Ньютона. Розв’язування задач.', 'link': None}, 'annotations': {'bold': False, 'italic': False, 'strikethrough': False, 'underline': False, 'code': False, 'color': 'default'}, 'plain_text': 'Третій закон Ньютона. Розв’язування задач.', 'href': None}]"
"81ab8049-c9b6-425c-938d-cc5a46a50419","[{'id': 'Xp?B', 'name': 'РУХ І ВЗАЄМОДІЯ', 'color': 'brown'}]",True,"2023-02-23T21:29:00.000Z","{'start': '2023-03-10', 'end': None, 'time_zone': None}","[{'type': 'text', 'text': {'content': 'Другий закон Ньютона. Розв’язування задач.', 'link': None}, 'annotations': {'bold': False, 'italic': False, 'strikethrough': False, 'underline': False, 'code': False, 'color': 'default'}, 'plain_text': 'Другий закон Ньютона. Розв’язування задач.', 'href': None}]"
"1be2992d-1a5a-4cbe-bd14-0f10cd372113","[{'id': 'Xp?B', 'name': 'РУХ І ВЗАЄМОДІЯ', 'color': 'brown'}]",True,"2023-02-23T21:29:00.000Z","{'start': '2023-03-08', 'end': None, 'time_zone': None}","[{'type': 'text', 'text': {'content': 'Розв’язування задач. Інерціальні системи відліку. Перший закон Ньютона.', 'link': None}, 'annotations': {'bold': False, 'italic': False, 'strikethrough': False, 'underline': False, 'code': False, 'color': 'default'}, 'plain_text': 'Розв’язування задач. Інерціальні системи відліку. Перший закон Ньютона.', 'href': None}]"
"94eeddcf-0fe7-4f1c-8332-6ef86e40fbd5","[{'id': 'Xp?B', 'name': 'РУХ І ВЗАЄМОДІЯ', 'color': 'brown'}]",False,"2023-02-23T21:29:00.000Z","{'start': '2023-03-03', 'end': None, 'time_zone': None}","[{'type': 'text', 'text': {'content': 'Розв’язування задач. Швидкість і переміщення рівноприскореного руху.', 'link': None}, 'annotations': {'bold': False, 'italic': False, 'strikethrough': False, 'underline': False, 'code': False, 'color': 'default'}, 'plain_text': 'Розв’язування задач. Швидкість і переміщення рівноприскореного руху.', 'href': None}]"
"40a6dbb5-c27b-4d1d-9963-17b7888c2439","[{'id': 'Xp?B', 'name': 'РУХ І ВЗАЄМОДІЯ', 'color': 'brown'}]",True,"2023-02-23T21:29:00.000Z","{'start': '2023-03-01', 'end': None, 'time_zone': None}","[{'type': 'text', 'text': {'content': 'Розв’язування задач. Нерівномірний рух. Середня швидкість. Прискорення. Рівноприскорений рух.', 'link': None}, 'annotations': {'bold': False, 'italic': False, 'strikethrough': False, 'underline': False, 'code': False, 'color': 'default'}, 'plain_text': 'Розв’язування задач. Нерівномірний рух. Середня швидкість. Прискорення. Рівноприскорений рух.', 'href': None}]"
"36523b46-f54c-4984-86ff-9cbecce50feb","[{'id': 'Xp?B', 'name': 'РУХ І ВЗАЄМОДІЯ', 'color': 'brown'}]",True,"2023-02-23T21:29:00.000Z","{'start': '2023-02-24', 'end': None, 'time_zone': None}","[{'type': 'text', 'text': {'content': 'Рівномірний прямолінійний рух. Рівняння руху. Графіки залежності кінематичних величин від часу.', 'link': None}, 'annotations': {'bold': False, 'italic': False, 'strikethrough': False, 'underline': False, 'code': False, 'color': 'default'}, 'plain_text': 'Рівномірний прямолінійний рух. Рівняння руху. Графіки залежності кінематичних величин від часу.', 'href': None}]"
"6d938645-17ce-40a7-90de-67b6e34b8397","[{'id': ']|Ji', 'name': 'ФІЗИКА АТОМА', 'color': 'red'}]",True,"2023-02-23T21:29:00.000Z","{'start': '2023-02-22', 'end': None, 'time_zone': None}","[{'type': 'text', 'text': {'content': 'Контрольна робота. Майбутні перспективи використання ядерної енергії.', 'link': None}, 'annotations': {'bold': False, 'italic': False, 'strikethrough': False, 'underline': False, 'code': False, 'color': 'default'}, 'plain_text': 'Контрольна робота. Майбутні перспективи використання ядерної енергії.', 'href': None}]"
"d6c6ca1d-396b-46a9-bb03-c3f3892449e7","[{'id': ']|Ji', 'name': 'ФІЗИКА АТОМА', 'color': 'red'}]",False,"2023-02-23T21:29:00.000Z","{'start': '2023-02-17', 'end': None, 'time_zone': None}","[{'type': 'text', 'text': {'content': 'Уроки ядерних техногенних аварій та катастроф. Чорнобиль. Фукусима. Розв’язування задач.', 'link': None}, 'annotations': {'bold': False, 'italic': False, 'strikethrough': False, 'underline': False, 'code': False, 'color': 'default'}, 'plain_text': 'Уроки ядерних техногенних аварій та катастроф. Чорнобиль. Фукусима. Розв’язування задач.', 'href': None}]"
"3afe460a-e78e-4628-be68-46d594da14ae","[{'id': ']|Ji', 'name': 'ФІЗИКА АТОМА', 'color': 'red'}]",True,"2023-02-23T21:29:00.000Z","{'start': '2023-02-15', 'end': None, 'time_zone': None}","[{'type': 'text', 'text': {'content': 'Радіаційний фон. Дозиметрія. Знайомство з дозиметром ТЕРРА', 'link': None}, 'annotations': {'bold': False, 'italic': False, 'strikethrough': False, 'underline': False, 'code': False, 'color': 'default'}, 'plain_text': 'Радіаційний фон. Дозиметрія. Знайомство з дозиметром ТЕРРА', 'href': None}]"
